,Name,Platform,Year_of_Release,Genre,NA_sales,EU_sales,JP_sales,Other_sales,Critic_Score,User_Score,Rating
33,Pokemon X/Pokemon Y,3DS,2013.0,Role-Playing,5.28,4.19,4.35,0.78,,,
40,Mario Kart 7,3DS,2011.0,Racing,5.03,4.02,2.69,0.91,85.0,8.2,E
47,Pokemon Omega Ruby/Pokemon Alpha Sapphire,3DS,2014.0,Role-Playing,4.35,3.49,3.1,0.74,,,
53,Super Mario 3D Land,3DS,2011.0,Platform,4.89,3.0,2.14,0.78,90.0,8.4,E
62,New Super Mario Bros. 2,3DS,2012.0,Platform,3.66,3.14,2.47,0.63,78.0,7.2,E
73,Animal Crossing: New Leaf,3DS,2012.0,Simulation,2.03,2.36,4.39,0.39,88.0,8.7,E
96,Super Smash Bros. for Wii U and 3DS,3DS,2014.0,Fighting,3.27,1.37,2.43,0.48,,,
108,Pokemon Sun/Moon,3DS,2016.0,Role-Playing,2.98,1.45,2.26,0.45,,,
184,Tomodachi Life,3DS,2013.0,Simulation,0.97,2.11,1.9,0.24,,,
235,Luigi's Mansion: Dark Moon,3DS,2013.0,Action,1.8,1.39,1.11,0.29,86.0,8.4,E
259,The Legend of Zelda: Ocarina of Time,3DS,2011.0,Action,2.09,1.31,0.62,0.31,,,
312,Monster Hunter 4 Ultimate,3DS,2014.0,Role-Playing,0.68,0.48,2.62,0.11,86.0,8.7,T
318,Nintendogs + cats,3DS,2011.0,Simulation,1.44,1.41,0.73,0.27,,,
385,Monster Hunter 4,3DS,2013.0,Role-Playing,0.0,0.0,3.44,0.0,,,
406,Monster Hunter X,3DS,2015.0,Action,0.27,0.21,2.79,0.05,,,
412,Yokai Watch 2 Ganso/Honke,3DS,2014.0,Role-Playing,0.09,0.0,3.18,0.01,,,
448,The Legend of Zelda: A Link Between Worlds,3DS,2013.0,Action,1.4,1.01,0.46,0.23,91.0,8.9,E
457,Animal Crossing: Happy Home Designer,3DS,2015.0,Simulation,0.51,1.02,1.4,0.12,66.0,6.9,E
532,Monster Hunter Tri,3DS,2011.0,Role-Playing,0.46,0.29,1.96,0.07,,,
563,Yokai Watch 2 Shinuchi,3DS,2014.0,Role-Playing,0.0,0.0,2.68,0.0,,,
677,The Legend of Zelda: Majora's Mask 3D,3DS,2015.0,Action,1.15,0.55,0.47,0.17,89.0,9,E10+
690,Paper Mario: Sticker Star,3DS,2012.0,Role-Playing,1.12,0.41,0.64,0.14,75.0,5.6,E
694,Yokai Watch Busters,3DS,2015.0,Action,0.0,0.0,2.29,0.0,,,
798,Yokai Watch,3DS,2013.0,Role-Playing,0.25,0.45,1.33,0.05,,,
807,Mario & Luigi: Dream Team,3DS,2013.0,Role-Playing,0.89,0.58,0.46,0.14,,,
848,Fire Emblem: Awakening,3DS,2012.0,Role-Playing,0.9,0.45,0.54,0.13,92.0,9.1,T
901,Mario Party: Island Tour,3DS,2013.0,Misc,0.62,0.64,0.55,0.11,57.0,6.3,E
912,Donkey Kong Country Returns,3DS,2013.0,Platform,0.74,0.62,0.41,0.13,,,
952,Kirby: Triple Deluxe,3DS,2014.0,Platform,0.61,0.34,0.79,0.09,80.0,8.8,E
980,Professor Layton and the Mask of Miracle,3DS,2011.0,Puzzle,0.32,0.97,0.36,0.13,,,
1079, Fire Emblem Fates,3DS,2015.0,Role-Playing,0.81,0.23,0.52,0.11,,,
1168,Kingdom Hearts 3D: Dream Drop Distance,3DS,2012.0,Action,0.88,0.26,0.34,0.1,75.0,8.2,E10+
1244,Puzzle & Dragons,3DS,2013.0,Role-Playing,0.0,0.0,1.51,0.0,,,
1290,LEGO City Undercover,3DS,2013.0,Platform,0.52,0.77,0.07,0.11,,,
1302,Dragon Quest VII: Warriors of Eden,3DS,2013.0,Role-Playing,0.06,0.09,1.3,0.01,,,
1395,Yoshi's New Island,3DS,2014.0,Platform,0.48,0.53,0.28,0.09,64.0,6.1,E
1399,Bravely Default: Flying Fairy,3DS,2012.0,Role-Playing,0.5,0.32,0.49,0.08,,,
1466,Yokai Watch 3,3DS,2016.0,Action,0.0,0.0,1.33,0.0,,,
1551,Kid Icarus: Uprising,3DS,2012.0,Action,0.48,0.35,0.36,0.07,83.0,8.7,E10+
1552,Pokemon Mystery Dungeon: Gates to Infinity,3DS,2012.0,Role-Playing,0.44,0.29,0.47,0.07,59.0,6.3,E
1596,Pokemon Super Mystery Dungeon,3DS,2015.0,Role-Playing,0.48,0.35,0.34,0.08,69.0,8.8,E
1656,Super Street Fighter IV: 3D Edition,3DS,2011.0,Fighting,0.55,0.44,0.14,0.09,85.0,8.1,T
1708,Mario & Sonic at the London 2012 Olympic Games,3DS,2012.0,Sports,0.18,0.64,0.27,0.09,,,
1784,Pokemon Rumble Blast,3DS,2011.0,Action,0.47,0.26,0.35,0.07,56.0,7.1,E10+
1807,LEGO Star Wars III: The Clone Wars,3DS,2011.0,Action,0.61,0.43,0.0,0.09,67.0,6.1,E10+
1814,Fantasy Life,3DS,2012.0,Role-Playing,0.33,0.37,0.37,0.06,73.0,8.6,E10+
1817,The Legend of Zelda: Tri Force Heroes,3DS,2015.0,Action,0.53,0.33,0.17,0.08,73.0,7.6,E
2036,Sonic Generations,3DS,2011.0,Platform,0.44,0.47,0.01,0.09,66.0,6.9,E
2148,Dragon Quest Monsters: Terry's Wonderland 3D,3DS,2012.0,Role-Playing,0.0,0.0,0.96,0.0,,,
2155,Mario Tennis Open,3DS,2012.0,Sports,0.26,0.29,0.34,0.05,69.0,6.9,E
2156,PilotWings Resort,3DS,2011.0,Simulation,0.4,0.36,0.13,0.07,71.0,7.4,E
2188,Star Fox 64 3D,3DS,2011.0,Shooter,0.48,0.27,0.13,0.06,81.0,8.2,E10+
2219,Kirby: Planet Robobot,3DS,2016.0,Action,0.28,0.14,0.47,0.04,81.0,8.7,E
2240,Disney Magical World,3DS,2013.0,Adventure,0.17,0.2,0.53,0.03,71.0,7.5,E
2264,Harvest Moon 3D: A New Beginning,3DS,2012.0,Action,0.41,0.17,0.3,0.05,74.0,8.2,E
2313,LEGO Marvel Super Heroes,3DS,2013.0,Action,0.42,0.36,0.04,0.07,61.0,5.2,E10+
2368,Resident Evil: Revelations,3DS,2012.0,Action,0.3,0.22,0.3,0.05,82.0,8.5,M
2387,Monster Strike 3DS,3DS,2015.0,Action,0.0,0.0,0.87,0.0,,,
2414,Dragon Quest VIII: Journey of the Cursed King,3DS,2015.0,Role-Playing,0.0,0.0,0.86,0.0,,,T
2498,Tales of the Abyss,3DS,2011.0,Role-Playing,0.43,0.19,0.14,0.06,75.0,7.6,T
2560,Professor Layton vs Phoenix Wright: Ace Attorney,3DS,2012.0,Puzzle,0.2,0.26,0.3,0.04,79.0,8.5,T
2597,Dragon Quest Monsters 2,3DS,2014.0,Role-Playing,0.0,0.0,0.79,0.0,,,
2697,The Sims 3,3DS,2011.0,Simulation,0.3,0.37,0.03,0.07,52.0,3.3,T
2710,Mario & Luigi: Paper Jam,3DS,2015.0,Role-Playing,0.16,0.29,0.26,0.04,,,
2714,Professor Layton and the Azran Legacy,3DS,2013.0,Puzzle,0.0,0.48,0.25,0.03,81.0,7.9,E10+
2717,Nintendo Presents: New Style Boutique 2 - Fashion Forward,3DS,2015.0,Misc,0.03,0.66,0.02,0.04,,,
2726,LEGO Batman 2: DC Super Heroes,3DS,2012.0,Action,0.41,0.28,0.0,0.06,72.0,5.2,E10+
2751,Rhythm Heaven: The Best+,3DS,2015.0,Misc,0.0,0.03,0.72,0.0,,,
2799,Style Savvy: Trendsetters,3DS,2012.0,Simulation,0.16,0.02,0.53,0.01,76.0,8,E
2839,Persona Q: Shadow of the Labyrinth,3DS,2014.0,Role-Playing,0.34,0.07,0.27,0.04,83.0,8.1,M
2946,The LEGO Movie Videogame,3DS,2014.0,Action,0.28,0.31,0.05,0.05,,5.4,E10+
3149,Rayman 3D,3DS,2011.0,Platform,0.23,0.35,0.0,0.06,61.0,6.6,E
3177,Dragon Quest Monsters Joker 3,3DS,2016.0,Role-Playing,0.0,0.0,0.63,0.0,,,
3184,Taiko no Tatsujin: Chibi Dragon to Fushigi na Orb,3DS,2012.0,Misc,0.0,0.0,0.63,0.0,,,
3205,Angry Birds Trilogy,3DS,2012.0,Action,0.38,0.2,0.0,0.05,62.0,4.6,E
3230,LEGO Jurassic World,3DS,2015.0,Action,0.31,0.23,0.03,0.05,,7.2,E10+
3236,LEGO Pirates of the Caribbean: The Video Game,3DS,2011.0,Action,0.29,0.27,0.0,0.06,71.0,7.3,E10+
3260,Toshochu: Run for Money,3DS,2012.0,Adventure,0.0,0.0,0.62,0.0,,,
3279,Cooking Mama 4: Kitchen Magic!,3DS,2011.0,Simulation,0.5,0.07,0.0,0.05,56.0,6,E
3280,Scribblenauts: Unlimited,3DS,2012.0,Action,0.56,0.01,0.0,0.05,73.0,7.4,E10+
3358, Frozen: Olaf's Quest,3DS,2013.0,Platform,0.27,0.27,0.0,0.05,,,
3453,Shin Megami Tensei IV,3DS,2013.0,Role-Playing,0.28,0.0,0.27,0.03,83.0,8.3,M
3503,Skylanders: Spyro's Adventure,3DS,2011.0,Action,0.32,0.2,0.0,0.05,82.0,4.9,E10+
3546,Rune Factory 4,3DS,2012.0,Role-Playing,0.32,0.0,0.21,0.03,78.0,8.1,E10+
3556,Xenoblade Chronicles,3DS,2015.0,Role-Playing,0.27,0.14,0.12,0.04,,,
3593,Yokai Sangokushi,3DS,2016.0,Action,0.0,0.0,0.56,0.0,,,
3718,Final Fantasy Explorers,3DS,2014.0,Role-Playing,0.16,0.07,0.28,0.02,69.0,7,E10+
3745,Inazuma Eleven GO,3DS,2011.0,Role-Playing,0.0,0.05,0.48,0.0,,,
3788,Mario & Sonic at the Rio 2016 Olympic Games,3DS,2016.0,Action,0.05,0.21,0.25,0.02,,,
3967,Theatrhythm: Final Fantasy,3DS,2012.0,Misc,0.22,0.07,0.18,0.02,78.0,7.8,E10+
4008,Ridge Racer 3D,3DS,2011.0,Racing,0.19,0.15,0.12,0.03,75.0,7.2,E
4013,Super Monkey Ball 3D,3DS,2011.0,Action,0.26,0.15,0.05,0.04,55.0,5.5,E
4025,Sonic Lost World,3DS,2013.0,Platform,0.24,0.14,0.07,0.03,59.0,6.5,E10+
4039,Resident Evil: The Mercenaries 3D,3DS,2011.0,Action,0.16,0.16,0.13,0.03,65.0,6.4,M
4043,Epic Mickey: Power of Illusion,3DS,2012.0,Action,0.36,0.04,0.04,0.04,,,
4051,Pokemon Art Academy ,3DS,2014.0,Misc,0.18,0.12,0.16,0.03,76.0,7.7,E
4056,Asphalt 3D,3DS,2011.0,Racing,0.27,0.16,0.02,0.04,43.0,4.4,E10+
4068,Steel Diver,3DS,2011.0,Action,0.31,0.09,0.05,0.03,58.0,6.3,E10+
4069,Bravely Second: End Layer,3DS,2015.0,Role-Playing,0.17,0.1,0.18,0.03,81.0,7.4,T
4072,Puzzle & Dragons Z + Super Mario Bros. Edition,3DS,2015.0,Puzzle,0.06,0.07,0.34,0.01,,,
4096,Mario Golf: World Tour,3DS,2014.0,Sports,0.15,0.13,0.17,0.03,78.0,8.2,E
4194,Inazuma Eleven Go 2: Chrono Stone,3DS,2012.0,Role-Playing,0.0,0.01,0.46,0.0,,,
4206,Art Academy: Lessons for Everyone,3DS,2012.0,Action,0.2,0.04,0.21,0.02,81.0,7.6,E
4279,FIFA 15,3DS,2014.0,Sports,0.09,0.34,0.0,0.03,,2.4,E
4306,Lego Batman 3: Beyond Gotham,3DS,2014.0,Action,0.21,0.2,0.0,0.04,,6.4,E10+
4361,Dead or Alive: Dimensions,3DS,2011.0,Fighting,0.13,0.21,0.07,0.03,79.0,8.2,T
4480,Tetris Axis,3DS,2011.0,Puzzle,0.2,0.13,0.06,0.03,74.0,6.8,E
4488,Hyrule Warriors,3DS,2016.0,Action,0.17,0.13,0.11,0.03,,,
4519,Hometown Story,3DS,2013.0,Role-Playing,0.23,0.12,0.04,0.04,47.0,6,E10+
4618,Story of Seasons,3DS,2014.0,Simulation,0.0,0.14,0.27,0.01,76.0,8.2,E10+
4649,Attack on Titan: Humanity in Chains,3DS,2013.0,Action,0.0,0.0,0.42,0.0,46.0,4.5,M
4818,LEGO Harry Potter: Years 5-7,3DS,,Action,0.18,0.19,0.0,0.03,71.0,6.5,E10+
4866,LEGO The Lord of the Rings,3DS,2012.0,Action,0.2,0.16,0.0,0.03,61.0,7.6,E10+
4883,Project X Zone,3DS,2012.0,Role-Playing,0.18,0.04,0.15,0.02,70.0,7.3,T
4893,Madden NFL Football,3DS,2011.0,Sports,0.36,0.01,0.0,0.03,49.0,5.3,E
4902,FIFA 12,3DS,2011.0,Sports,0.08,0.26,0.0,0.05,,,
4905,Combat of Giants: Dinosaurs 3D,3DS,2011.0,Strategy,0.25,0.06,0.05,0.03,44.0,5.3,E10+
4946,Samurai Warriors Chronicles,3DS,2011.0,Action,0.12,0.05,0.2,0.01,61.0,7.7,T
4952,One Piece: Unlimited World Red,3DS,2013.0,Action,0.05,0.04,0.28,0.01,75.0,7.6,T
4975,Shin Megami Tensei: Devil Survivor Overclocked,3DS,2011.0,Role-Playing,0.28,0.01,0.06,0.03,78.0,8.2,T
4999,Phoenix Wright: Ace Attorney - Dual Destinies,3DS,2013.0,Adventure,0.0,0.0,0.38,0.0,,,
5002,Metal Gear Solid: Snake Eater 3D,3DS,2012.0,Action,0.15,0.11,0.1,0.02,78.0,7.8,M
5003,Raving Rabbids: Travel in Time 3D,3DS,2011.0,Platform,0.11,0.23,0.0,0.04,,,
5033,Etrian Odyssey IV: Legends of the Titans,3DS,2012.0,Role-Playing,0.12,0.05,0.2,0.01,,,
5056,Pro Evolution Soccer 2011 3D,3DS,2011.0,Sports,0.11,0.13,0.11,0.02,73.0,6.7,E
5115,Theatrhythm Final Fantasy: Curtain Call,3DS,2014.0,Misc,0.13,0.08,0.15,0.02,83.0,8.2,T
5224,Fossil Fighters: Frontier,3DS,2014.0,Role-Playing,0.08,0.04,0.23,0.01,57.0,4.8,E10+
5263,Sentouchu: Densetsu no Shinobi to Survival Battle!,3DS,2013.0,Action,0.0,0.0,0.35,0.0,,,
5408,Tom Clancy's Ghost Recon: Shadow Wars,3DS,2011.0,Strategy,0.22,0.09,0.0,0.03,77.0,7.9,T
5428,Disney Magic World 2,3DS,2015.0,Action,0.02,0.11,0.19,0.01,,,
5431,Angry Birds Star Wars,3DS,2013.0,Strategy,0.15,0.15,0.0,0.03,,3,E
5502,Dragon Ball Z: Extreme Butoden,3DS,2015.0,Fighting,0.12,0.03,0.16,0.02,61.0,6.6,T
5564,Hatsune Miku: Project Mirai DX,3DS,2015.0,Misc,0.16,0.04,0.1,0.02,80.0,8.5,E10+
5589,Dragon Ball Heroes: Ultimate Mission 2 ,3DS,2014.0,Strategy,0.0,0.0,0.32,0.0,,,
5728,Bust-A-Move Universe,3DS,2011.0,Puzzle,0.08,0.15,0.06,0.03,49.0,4.8,E
5731,Taiko Drum Master: Don and Katsu's Space-Time Great Adventure,3DS,2014.0,Action,0.0,0.0,0.31,0.0,,,
5749,LEGO Legends of Chima: Laval's Journey,3DS,2013.0,Adventure,0.18,0.1,0.0,0.03,65.0,3.6,E10+
5789,Shin Megami Tensei: Devil Summoner - Soul Hackers,3DS,2012.0,Role-Playing,0.13,0.02,0.14,0.01,,,
5840,Mario Party: Star Rush,3DS,2016.0,Misc,0.08,0.13,0.08,0.02,68.0,6.8,E
5865,Tom Clancy's Splinter Cell 3D,3DS,2011.0,Action,0.14,0.07,0.07,0.02,53.0,5.5,T
5874,Harvest Moon: The Tale of Two Towns,3DS,,Simulation,0.28,0.0,0.0,0.02,,,
5886,One Piece Unlimited Cruise SP,3DS,2011.0,Action,0.0,0.0,0.3,0.0,46.0,7.3,
5954,Disney Infinity,3DS,2013.0,Action,0.17,0.1,0.0,0.02,,,
6028,FIFA Soccer 13,3DS,2012.0,Action,0.06,0.2,0.0,0.03,68.0,3.7,E
6037,Sonic Boom: Shattered Crystal,3DS,2014.0,Action,0.17,0.09,0.0,0.03,47.0,6.3,E
6052,Dragon Ball Heroes: Ultimate Mission,3DS,2013.0,Misc,0.0,0.0,0.29,0.0,,,
6071,Sonic & All-Stars Racing Transformed,3DS,2012.0,Racing,0.12,0.14,0.0,0.02,,,
6162,Monster Hunter Stories,3DS,2016.0,Action,0.0,0.0,0.28,0.0,,,
6186,Moshi Monsters: Moshlings Theme Park,3DS,2012.0,Misc,0.13,0.13,0.0,0.03,,tbd,E
6193,Skylanders: Trap Team,3DS,2014.0,Action,0.16,0.1,0.0,0.02,,3.4,E10+
6241,Kobitodzukan: Kobito Kansatsu Set,3DS,2012.0,Misc,0.0,0.0,0.28,0.0,,,
6246,Ace Attorney 6,3DS,2016.0,Adventure,0.0,0.0,0.27,0.0,,,
6334,Rhythm Thief & the Emperor's Treasure,3DS,2012.0,Misc,0.07,0.07,0.12,0.01,,,
6336,Tohoku Daigaku Karei Igaku Kenkyuusho - Kawashima Ryuuta Kyouju Kanshuu - Mono Sugoku Nou o Kitaeru 5-Funkan no Oni Training,3DS,2012.0,Action,0.0,0.0,0.27,0.0,,,
6350,Batman: Arkham Origins Blackgate,3DS,2013.0,Action,0.16,0.09,0.0,0.02,68.0,6.8,T
6377,Ultimate NES Remix,3DS,2014.0,Action,0.15,0.09,0.0,0.02,69.0,7.6,E
6433,Aikatsu! 2-nin no My Princess,3DS,2013.0,Action,0.0,0.0,0.26,0.0,,,
6459,Inazuma Eleven GO 3: Galaxy,3DS,2013.0,Sports,0.0,0.0,0.26,0.0,,,
6469,Etrian Odyssey Untold: The Millennium Girl,3DS,2013.0,Role-Playing,0.1,0.01,0.14,0.01,80.0,8.2,T
6609,Zoo Resort 3D,3DS,2011.0,Simulation,0.11,0.09,0.03,0.02,,tbd,E
6627,How to Train Your Dragon 2,3DS,2014.0,Adventure,0.04,0.19,0.0,0.02,,tbd,E10+
6629,The Legend of Legacy,3DS,2015.0,Role-Playing,0.12,0.01,0.1,0.02,67.0,7.1,E10+
6769,Stella Glow,3DS,2015.0,Role-Playing,0.16,0.01,0.05,0.02,79.0,8.7,T
6779,Skylanders SWAP Force,3DS,2013.0,Platform,0.1,0.12,0.0,0.02,68.0,6.4,E10+
6796,Ace Combat: Assault Horizon Legacy,3DS,2011.0,Simulation,0.1,0.06,0.08,0.01,71.0,7.8,T
6825,Chibi-Robo! Zip Lash,3DS,2015.0,Platform,0.09,0.08,0.06,0.02,,,
6859,LEGO The Hobbit,3DS,2014.0,Action,0.1,0.12,0.0,0.02,,,
6871,FIFA 14,3DS,2013.0,Sports,0.0,0.22,0.0,0.01,,,
6877,Etrian Mystery Dungeon,3DS,2015.0,Role-Playing,0.09,0.01,0.13,0.01,77.0,7.9,E10+
6945,Girls Mode 3: Kirakira Code,3DS,2015.0,Action,0.0,0.0,0.23,0.0,,,
7024,Wipeout 2,3DS,2011.0,Misc,0.22,0.0,0.0,0.01,,tbd,E
7062,WWE All Stars,3DS,2011.0,Fighting,0.15,0.06,0.0,0.02,71.0,7.4,T
7072,Cars 2,3DS,2011.0,Racing,0.21,0.0,0.0,0.02,,,
7121,Puzzle & Dragons X: God Chapter / Dragon Chapter,3DS,2016.0,Action,0.0,0.0,0.22,0.0,,,
7142,Hatsune Miku: Project Mirai 2,3DS,2013.0,Action,0.0,0.0,0.22,0.0,,,
7173,Spirit Camera: The Cursed Memoir,3DS,2012.0,Adventure,0.13,0.02,0.06,0.01,54.0,6.1,T
7187,Shinobi,3DS,2011.0,Platform,0.14,0.07,0.0,0.02,69.0,7.3,T
7254,Senran Kagura 2: Deep Crimson ,3DS,2014.0,Action,0.1,0.02,0.08,0.01,58.0,6.8,M
7303,Transformers: Dark of the Moon,3DS,2011.0,Action,0.16,0.04,0.0,0.02,,,
7324,Magician's Quest: Town of Magic,3DS,2012.0,Simulation,0.0,0.0,0.21,0.0,,,
7337,Code Name: S.T.E.A.M.,3DS,2015.0,Strategy,0.14,0.05,0.01,0.02,69.0,7.7,T
7357,LEGO Ninjago: Shadow of Ronin,3DS,2015.0,Action,0.05,0.11,0.04,0.01,,tbd,E10+
7371,Dragon Ball: Fusions,3DS,2016.0,Role-Playing,0.02,0.0,0.19,0.0,68.0,7.6,T
7415,Heroes of Ruin,3DS,2012.0,Role-Playing,0.13,0.07,0.0,0.02,69.0,7.4,T
7457,Mega Man Legacy Collection,3DS,2016.0,Platform,0.14,0.0,0.05,0.02,77.0,7.1,E
7482,Frogger 3D,3DS,2011.0,Action,0.16,0.03,0.0,0.01,54.0,5.5,E
7486,Little Battlers eXperience: Baku Boost,3DS,2012.0,Action,0.0,0.0,0.21,0.0,,,
7551,WipeOut 3 The Game,3DS,2012.0,Action,0.18,0.0,0.0,0.02,,,
7558,Story of Seasons: Good Friends of the Three Villages,3DS,2016.0,Simulation,0.0,0.0,0.2,0.0,,,
7564,Code of Princess,3DS,2012.0,Action,0.16,0.0,0.03,0.01,67.0,7.6,T
7617,Tekken 3D: Prime Edition,3DS,2012.0,Fighting,0.06,0.07,0.05,0.01,64.0,5.9,T
7695,Aikatsu! Cinderella Lesson,3DS,2012.0,Role-Playing,0.0,0.0,0.2,0.0,,,
7732,The Amazing Spider-Man (Console Version),3DS,2012.0,Action,0.15,0.03,0.0,0.01,,,
7747,Shin Megami Tensei IV: Final,3DS,2016.0,Role-Playing,0.05,0.0,0.14,0.01,,,
7750,Pac-Man & Galaga Dimensions,3DS,2011.0,Misc,0.1,0.04,0.04,0.01,,,
7759,Great Phoenix Wright: Ace Attorney - Naruhodou Ryuunosuke no Bouken,3DS,2015.0,Action,0.0,0.0,0.19,0.0,,,
7762,New Love Plus,3DS,2012.0,Simulation,0.0,0.0,0.19,0.0,,,
7771,LEGO Marvel's Avengers,3DS,2016.0,Action,0.07,0.09,0.01,0.01,60.0,7.1,E10+
7805,Need for Speed: The Run,3DS,2011.0,Action,0.09,0.09,0.0,0.02,65.0,6,E10+
7821,SpongeBob SquigglePants 3D,3DS,2011.0,Misc,0.13,0.05,0.0,0.02,64.0,6,E
7848,Pet Zombies,3DS,,Simulation,0.18,0.0,0.0,0.01,,tbd,T
7861,NASCAR Unleashed,3DS,2011.0,Racing,0.18,0.0,0.0,0.01,,tbd,E
7920,Reel Fishing Paradise 3D,3DS,2011.0,Sports,0.12,0.0,0.06,0.01,57.0,tbd,E
7923,Kuma-Tomo,3DS,2013.0,Misc,0.0,0.0,0.19,0.0,,,
7945,Pro Evolution Soccer 2014,3DS,2013.0,Action,0.0,0.0,0.19,0.0,,,E
8046,Hatsune Miku and Future Stars: Project Mirai,3DS,2012.0,Misc,0.0,0.0,0.18,0.0,,,
8072,Super Robot Taisen UX,3DS,2013.0,Role-Playing,0.0,0.0,0.18,0.0,,,
8101,Daigasso! Band Brothers P,3DS,2013.0,Misc,0.0,0.0,0.18,0.0,,,
8131,Pro Evolution Soccer 2013,3DS,2012.0,Sports,0.05,0.02,0.1,0.01,,,
8204,Transformers: Prime,3DS,2012.0,Action,0.13,0.02,0.0,0.02,,,
8299,Yu-Gi-Oh! Zexal World Duel Carnival,3DS,2013.0,Misc,0.0,0.08,0.08,0.01,,,
8326,Project X Zone 2: Brave New World,3DS,2015.0,Role-Playing,0.05,0.03,0.08,0.01,,,
8346,Michael Jackson: The Experience 3D,3DS,2011.0,Misc,0.13,0.03,0.0,0.01,,,
8384,Sumikko Gurashi: Koko ga Ochitsukundesu,3DS,2014.0,Action,0.0,0.0,0.17,0.0,,,
8422,Dragon Quest X,3DS,2014.0,Role-Playing,0.0,0.0,0.17,0.0,,,
8453,7th Dragon III Code: VFD,3DS,2015.0,Role-Playing,0.04,0.0,0.12,0.0,77.0,8.2,T
8495,F1 2011,3DS,2011.0,Racing,0.07,0.08,0.0,0.02,59.0,6.8,E
8502,Doctor Lautrec and the Forgotten Knights,3DS,2011.0,Adventure,0.07,0.05,0.03,0.01,53.0,6.1,E10+
8518,Return to PopoloCrois: A Story of Seasons Fairytale,3DS,2015.0,Simulation,0.05,0.0,0.1,0.01,72.0,6.8,E10+
8521,SD Gundam G Generation 3D,3DS,2011.0,Role-Playing,0.0,0.0,0.16,0.0,,,
8662,Culdcept,3DS,2012.0,Misc,0.0,0.0,0.16,0.0,,,
8670,Harvest Moon: The Lost Valley,3DS,2014.0,Simulation,0.13,0.01,0.0,0.02,,,
8681,Toriko: Gourmet Monsters!,3DS,2012.0,Role-Playing,0.0,0.0,0.16,0.0,,,
8689,Senran Kagura: Sh?jo-tachi no Shinei,3DS,2011.0,Action,0.0,0.0,0.16,0.0,,,
8708,James Noir's Hollywood Crimes,3DS,2011.0,Adventure,0.07,0.07,0.0,0.01,60.0,6.6,T
8747,Naruto: Powerful Shippuden,3DS,2012.0,Platform,0.08,0.02,0.04,0.01,71.0,5.4,E10+
8749,The Adventures of Tintin: The Game,3DS,2011.0,Action,0.05,0.09,0.0,0.02,56.0,5.7,E10+
8760,Theatrhythm Dragon Quest,3DS,2015.0,Misc,0.0,0.0,0.15,0.0,,,
8837,Adventure Time: Explore the Dungeon Because I Don't Know!,3DS,2013.0,Action,0.1,0.03,0.0,0.01,,,
8878,Castlevania: Lords of Shadow - Mirror of Fate,3DS,2013.0,Action,0.04,0.07,0.03,0.01,,,
8906,Sumikko Gurashi: Omise Hajimerundesu,3DS,2015.0,Action,0.0,0.0,0.15,0.0,,,
8934,Hoppechan: Tsukutte! Asonde! Punipuni Town!!,3DS,2013.0,Action,0.0,0.0,0.15,0.0,,,
8962,Pac-Man Party 3D,3DS,2011.0,Misc,0.09,0.04,0.0,0.01,43.0,5.4,E
8968,Rayman Origins,3DS,2012.0,Platform,0.06,0.08,0.0,0.01,71.0,6.3,E10+
8992,Derby Stallion Gold,3DS,2014.0,Sports,0.0,0.0,0.14,0.0,,,
9002,Skylanders Giants,3DS,2012.0,Action,0.12,0.01,0.0,0.01,59.0,5,E10+
9024,Famista Returns,3DS,2015.0,Sports,0.0,0.0,0.14,0.0,,,
9028,Cave Story 3D,3DS,2011.0,Platform,0.09,0.03,0.01,0.01,82.0,7.7,E10+
9058,Senran Kagura Burst: Guren no Sh?jo-tachi,3DS,2012.0,Action,0.0,0.0,0.14,0.0,,,
9130,Ben 10 Galactic Racing,3DS,2011.0,Racing,0.07,0.07,0.0,0.01,,tbd,E
9143,Shovel Knight,3DS,2015.0,Platform,0.08,0.04,0.02,0.01,90.0,8.2,E
9167,Monster Hunter Diary: Poka Poka Airou Village DX,3DS,2015.0,Action,0.0,0.0,0.14,0.0,,,
9234,Farming Simulator 2012,3DS,2012.0,Action,0.0,0.12,0.0,0.01,,,
9287,BIT.TRIP SAGA,3DS,2011.0,Misc,0.09,0.04,0.0,0.01,75.0,7.8,E
9321,Medalot 7,3DS,2012.0,Action,0.0,0.0,0.13,0.0,,,
9356,Imagine: Fashion Designer,3DS,2011.0,Simulation,0.1,0.02,0.0,0.01,,tbd,E
9385,Teenage Mutant Ninja Turtles: Danger of the Ooze,3DS,2014.0,Adventure,0.08,0.04,0.0,0.01,,tbd,E10+
9412,Super Robot Wars BX,3DS,2015.0,Action,0.0,0.0,0.13,0.0,,,
9422,The Oregon Trail,3DS,2011.0,Simulation,0.12,0.0,0.0,0.01,,,
9445,Slime MoriMori Dragon Quest 3: Taikaizoku to Shippo Dan,3DS,2011.0,Role-Playing,0.0,0.0,0.13,0.0,,,
9526,Green Lantern: Rise of the Manhunters,3DS,2011.0,Action,0.09,0.03,0.0,0.01,42.0,3.9,E10+
9530,Puyo Puyo!! 20th Anniversary,3DS,2011.0,Puzzle,0.0,0.0,0.13,0.0,,,
9538,Assassination Classroom: Grand Siege on Kuro-sensei,3DS,2015.0,Action,0.0,0.0,0.13,0.0,,,
9540,Puppies 3D,3DS,2011.0,Misc,0.08,0.04,0.0,0.01,,tbd,E
9613,Aikatsu! 365 Idol Days,3DS,2014.0,Adventure,0.0,0.0,0.13,0.0,,,
9620,Little Battlers eXperience: Wars,3DS,2013.0,Strategy,0.0,0.0,0.13,0.0,,,
9657,Crush3D,3DS,2012.0,Platform,0.07,0.04,0.0,0.01,71.0,7.4,E10+
9695,Gotouchi Tetsudou: Gotouchi Chara to Nihon Zenkoku no Tabi,3DS,2014.0,Misc,0.0,0.0,0.12,0.0,,,
9698,Etrian Odyssey V,3DS,2016.0,Role-Playing,0.0,0.0,0.12,0.0,,,
9709,Conception II: Children of the Seven Stars,3DS,2013.0,Role-Playing,0.09,0.0,0.03,0.01,62.0,7.7,M
9719,Lego Star Wars: The Force Awakens,3DS,2016.0,Action,0.04,0.07,0.01,0.01,,7.8,E10+
9825,Shin Megami Tensei: Devil Survivor 2,3DS,2015.0,Role-Playing,0.0,0.02,0.09,0.0,,,
9857,DreamWorks Super Star Kartz,3DS,2011.0,Racing,0.08,0.03,0.0,0.01,,tbd,E
9868,Skylanders: SuperChargers,3DS,2015.0,Action,0.05,0.06,0.0,0.01,,tbd,E10+
9874,Deca Sports Extreme,3DS,2011.0,Sports,0.08,0.0,0.03,0.01,52.0,tbd,E
9881,One Piece: Super Grand Battle! X,3DS,2014.0,Fighting,0.0,0.0,0.12,0.0,,,
9901,Jaws: Ultimate Predator,3DS,2011.0,Action,0.11,0.0,0.0,0.01,,tbd,M
9920,Spider-Man: Edge of Time,3DS,2011.0,Action,0.08,0.03,0.0,0.01,50.0,6.4,T
9938,Brunswick Pro Bowling,3DS,2011.0,Sports,0.11,0.0,0.0,0.01,,tbd,E
10026,Disney Art Academy,3DS,2016.0,Action,0.02,0.01,0.08,0.0,72.0,6.8,E
10035,Pocket Soccer League: Calciobit,3DS,2012.0,Sports,0.0,0.0,0.11,0.0,,,
10060,Puyo Puyo Tetris,3DS,2014.0,Puzzle,0.0,0.0,0.11,0.0,,,
10079,Super Run For Money Tousouchuu Atsumare! Saikyou no Tousou Monotachi,3DS,2015.0,Action,0.0,0.0,0.11,0.0,,,
10103,Funky Barn,3DS,2012.0,Simulation,0.07,0.03,0.0,0.01,,,
10117,Happy Feet Two,3DS,2011.0,Action,0.08,0.02,0.0,0.01,,,
10159,NCIS 3D,3DS,2011.0,Adventure,0.06,0.04,0.0,0.01,,tbd,T
10177,Gabrielle's Ghostly Groove 3D,3DS,2011.0,Adventure,0.08,0.02,0.0,0.01,62.0,7.4,E
10188,PriPara Mezase! Idol Grand Prix No.1!,3DS,2015.0,Misc,0.0,0.0,0.11,0.0,,,
10209,DualPenSports,3DS,2011.0,Sports,0.05,0.05,0.0,0.01,58.0,tbd,E10+
10227,AKB48+Me,3DS,2012.0,Action,0.0,0.0,0.11,0.0,,,
10278,Picross 3D 2,3DS,2015.0,Puzzle,0.0,0.0,0.11,0.0,,,
10331,BlazBlue: Continuum Shift II,3DS,2011.0,Fighting,0.05,0.01,0.04,0.01,64.0,6.1,T
10361,Tales of the World: Reve Unitia,3DS,2014.0,Role-Playing,0.0,0.0,0.11,0.0,,,
10366,Naruto Shippuden 3D: The New Era,3DS,2011.0,Action,0.0,0.04,0.06,0.01,,,
10435,Taiko no Tatsujin: Don Don! Mystery Adventure,3DS,2016.0,Action,0.0,0.0,0.1,0.0,,,
10461,Etrian Odyssey II: Heroes of Lagaard,3DS,2014.0,Role-Playing,0.0,0.0,0.1,0.0,,,
10489,Little Battlers eXperience W,3DS,2013.0,Role-Playing,0.0,0.0,0.1,0.0,,,
10507,Samurai Warriors Chronicles 2nd,3DS,2012.0,Action,0.0,0.0,0.1,0.0,,,
10591,Scribblenauts Unmasked: A DC Comics Adventure,3DS,2013.0,Puzzle,0.09,0.0,0.0,0.01,68.0,6.2,E10+
10654,Pinball Hall of Fame: The Williams Collection,3DS,2011.0,Misc,0.09,0.0,0.0,0.01,67.0,7.3,E10+
10672,Generator Rex: Agent of Providence,3DS,2011.0,Action,0.07,0.02,0.0,0.01,,tbd,E10+
10691,Marvel Super Hero Squad: The Infinity Gauntlet,3DS,2011.0,Action,0.07,0.02,0.0,0.01,54.0,tbd,E10+
10742,Thor: God of Thunder,3DS,2011.0,Action,0.06,0.03,0.0,0.01,55.0,4.2,T
10747,Cubic Ninja,3DS,2011.0,Platform,0.05,0.04,0.0,0.01,51.0,5.9,E
10794,Etrian Odyssey 2 Untold: Knight of Fafnir,3DS,2014.0,Role-Playing,0.07,0.02,0.0,0.01,,,
10810,Cartoon Network: Punch Time Explosion,3DS,2011.0,Fighting,0.07,0.02,0.0,0.01,58.0,5.9,E10+
10817,Kuroko's Basketball: Miracle Game,3DS,2014.0,Sports,0.0,0.0,0.1,0.0,,,
10848,Brain Age: Concentration Training,3DS,2012.0,Puzzle,0.09,0.0,0.0,0.01,71.0,7.9,E
10862,Disney Planes Fire & Rescue,3DS,2014.0,Action,0.01,0.08,0.0,0.01,,,
10865,Ouchi Mainichi Tamagotchi,3DS,2012.0,Action,0.0,0.0,0.09,0.0,,,
10921,PAC-MAN and the Ghostly Adventures,3DS,2013.0,Platform,0.05,0.04,0.0,0.01,,tbd,E10+
11015,Sonic Boom: Fire & Ice,3DS,2016.0,Platform,0.05,0.03,0.0,0.01,,,
11017,Driver: Renegade,3DS,2011.0,Racing,0.05,0.04,0.0,0.01,48.0,5,M
11045,Cardfight!! Vanguard: Ride to Victory,3DS,2013.0,Misc,0.0,0.0,0.09,0.0,,,
11047,Carnival Games: Wild West 3D,3DS,2011.0,Misc,0.06,0.02,0.0,0.01,,tbd,E10+
11059,Pokemon Rumble World,3DS,2015.0,Action,0.0,0.01,0.08,0.0,58.0,6.4,E10+
11134,Mahjong Cub3D,3DS,2011.0,Puzzle,0.07,0.0,0.02,0.0,67.0,5.3,E
11168,Terraria,3DS,2016.0,Action,0.0,0.04,0.05,0.0,71.0,7.1,T
11174,Digimon World Re:Digitize Decode,3DS,2013.0,Role-Playing,0.0,0.0,0.09,0.0,,,
11226,Kuroko's Basketball: Ties to Future,3DS,2015.0,Action,0.0,0.0,0.09,0.0,,,
11231,Inazuma Eleven 3,3DS,2013.0,Role-Playing,0.0,0.08,0.0,0.0,,,
11252,Lost Heroes,3DS,2012.0,Role-Playing,0.0,0.0,0.09,0.0,,,
11293,Adventure Time: Finn & Jake Investigations,3DS,2015.0,Action,0.03,0.05,0.0,0.01,,,
11321,The Seven Deadly Sins: Unjust Sin,3DS,2015.0,Adventure,0.0,0.0,0.08,0.0,,,
11325,Nano Assault,3DS,2011.0,Shooter,0.08,0.0,0.0,0.01,75.0,7.7,E10+
11326,Captain America: Super Soldier,3DS,2011.0,Action,0.05,0.02,0.0,0.01,51.0,5,T
11329,Nikoli's Pencil Puzzle,3DS,2011.0,Puzzle,0.05,0.03,0.0,0.01,61.0,tbd,E
11375,Gundam the 3D Battle,3DS,2011.0,Action,0.0,0.0,0.08,0.0,,,
11377,Face Racers: Photo Finish,3DS,,Racing,0.08,0.0,0.0,0.01,,tbd,E
11402,Kamen Rider: Travelers Senki,3DS,2013.0,Action,0.0,0.0,0.08,0.0,,,
11405,Pretty Rhythm: My Deco Rainbow Wedding,3DS,2013.0,Misc,0.0,0.0,0.08,0.0,,,
11430,One Piece: Romance Dawn - Bouken no Yoake,3DS,2013.0,Fighting,0.0,0.0,0.08,0.0,,,
11436,Adventure Time: The Secret of the Nameless Kingdom,3DS,2014.0,Action,0.0,0.07,0.0,0.0,65.0,5.6,E10+
11453,Pretty Rhythm Rainbow Live: Kira Kira My * Design,3DS,2013.0,Misc,0.0,0.0,0.08,0.0,,,
11455,The Hidden,3DS,,Adventure,0.08,0.0,0.0,0.01,,4.2,E10+
11515,Puzzler Mind Gym 3D,3DS,2011.0,Puzzle,0.07,0.0,0.0,0.01,51.0,tbd,E
11534,Kobitodzukan: Kobito no Fushigi - Jikken Set,3DS,2013.0,Misc,0.0,0.0,0.08,0.0,,,
11542,Doraemon: Nobita and the Island of Miracles,3DS,2012.0,Action,0.0,0.0,0.08,0.0,,,
11560,Pac-Man and the Ghostly Adventures 2,3DS,2014.0,Adventure,0.03,0.04,0.0,0.01,60.0,tbd,E10+
11621,Medabots Dual: Kabuto / Kuwagata,3DS,2013.0,Role-Playing,0.0,0.0,0.08,0.0,,,
11638,Dangerous Ji-San to 1000-nin no Otomodachi Yokoshima,3DS,2012.0,Action,0.0,0.0,0.08,0.0,,,
11681,Samurai Warriors Chronicles 3,3DS,2014.0,Action,0.0,0.0,0.08,0.0,63.0,6.1,T
11710,Sumikko Gurashi: Mura o Tsukurundesu,3DS,2016.0,Misc,0.0,0.0,0.08,0.0,,,
11725,Zero Escape: Zero Time Dilemma,3DS,2016.0,Adventure,0.05,0.0,0.02,0.01,81.0,8.5,M
11740,Aikatsu! My No.1 Stage!,3DS,2015.0,Misc,0.0,0.0,0.08,0.0,,,
11755,Nicola Kanshuu: Model Oshare * Audition Platina,3DS,2012.0,Action,0.0,0.0,0.08,0.0,,,
11778,Kenka Banchou 6: Soul & Blood,3DS,2015.0,Fighting,0.0,0.0,0.07,0.0,,,
11782,Medabots 8,3DS,2014.0,Role-Playing,0.0,0.0,0.07,0.0,,,
11804,Touch Detective: Nameko Shigeru,3DS,2013.0,Adventure,0.0,0.0,0.07,0.0,,,
11821,Hero Bank,3DS,2014.0,Role-Playing,0.0,0.0,0.07,0.0,,,
11822,Disney's Planes,3DS,2013.0,Simulation,0.04,0.03,0.0,0.01,,4.3,E
11889,Model * Oshare Audition: Dream Girl,3DS,2013.0,Misc,0.0,0.0,0.07,0.0,,,
11892,Petz Fantasy 3D,3DS,2011.0,Simulation,0.07,0.0,0.0,0.0,,tbd,E
11921,E.X. Troopers,3DS,2012.0,Shooter,0.0,0.0,0.07,0.0,,,
11923,J Legend Retsuden,3DS,2013.0,Misc,0.0,0.0,0.07,0.0,,,
11935,Cho~ricchi! Tamagotchi no Puchi Puchi Omisecchi,3DS,2012.0,Action,0.0,0.0,0.07,0.0,,,
11943,Dream Trigger 3D,3DS,,Shooter,0.04,0.02,0.0,0.01,54.0,6.3,E
11970,Magi: The Labyrinth of Beginning,3DS,2013.0,Role-Playing,0.0,0.0,0.07,0.0,,,
11999,Haikyuu!! Tsunage! Itadaki no Keshiki!!,3DS,2014.0,Adventure,0.0,0.0,0.07,0.0,,,
12004,Cut the Rope,3DS,2014.0,Puzzle,0.06,0.0,0.0,0.01,,tbd,E
12006,Pro Yaky? Spirits 2011,3DS,2011.0,Sports,0.0,0.0,0.07,0.0,,,
12053,Doraemon: Nobita to Himitsu Dougu Hakubutsukan,3DS,2013.0,Action,0.0,0.0,0.07,0.0,,,
12083,Hoppechan: Minna de Odekake! Waku Waku Hoppe Land!!,3DS,2014.0,Action,0.0,0.0,0.07,0.0,,,
12104,Lost Heroes 2,3DS,2015.0,Action,0.0,0.0,0.07,0.0,,,
12129,"Horrid Henry: The Good, The Bad and The Bugly",3DS,2011.0,Platform,0.0,0.06,0.0,0.01,,,
12151,Future Card Buddy Fight: Yuujou no Bakunetsu Fight,3DS,2015.0,Action,0.0,0.0,0.07,0.0,,,
12171,Transformer: Rise of the Dark Spark (3DS),3DS,2014.0,Role-Playing,0.05,0.01,0.0,0.01,,,
12245,Gundam Try Age SP,3DS,2014.0,Strategy,0.0,0.0,0.07,0.0,,,
12249,Penguins of Madagascar,3DS,2014.0,Action,0.0,0.06,0.0,0.0,51.0,tbd,E
12250,12-Sai. Honto no Kimochi,3DS,2014.0,Adventure,0.0,0.0,0.07,0.0,,,
12273,Cardfight!! Vanguard: Lock On Victory!!,3DS,2014.0,Misc,0.0,0.0,0.07,0.0,,,
12295,Moshi Monsters: Katsuma Unleashed,3DS,2013.0,Action,0.03,0.03,0.0,0.01,,tbd,E
12333,Mario vs. Donkey Kong: Tipping Stars,3DS,2015.0,Puzzle,0.0,0.0,0.06,0.0,70.0,7.5,E
12345,Dynasty Warriors Vs,3DS,2012.0,Action,0.0,0.0,0.06,0.0,,,
12384,The Amazing Spider-Man 2 (2014),3DS,2014.0,Action,0.03,0.03,0.0,0.01,,,
12390,Game Center CX: 3-Choume no Arino,3DS,2014.0,Action,0.0,0.0,0.06,0.0,,,
12420,Ansatsu Kyoushitsu: Assassin Ikusei Keikaku!!,3DS,2016.0,Action,0.0,0.0,0.06,0.0,,,
12445,A-Train: City Simulator,3DS,2014.0,Simulation,0.0,0.0,0.06,0.0,65.0,tbd,E10+
12459,Crayon Shin-chan: Arashi o Yobu Kasukabe Eiga Stars!,3DS,2014.0,Adventure,0.0,0.0,0.06,0.0,,,
12485,Nicola Kanshuu: Model * Oshare Audition 2,3DS,2011.0,Action,0.0,0.0,0.06,0.0,,,
12497,Nazotoki Battle Tore! Densetsu no Makyuu o Fukkatsu Saseyo! ,3DS,2014.0,Action,0.0,0.0,0.06,0.0,,,
12538,JoJo's Bizarre Adventure: All Star Battle,3DS,2012.0,Fighting,0.06,0.0,0.0,0.0,,,
12571,Smile PreCure! Let's Go! Marchen World,3DS,2012.0,Action,0.0,0.0,0.06,0.0,,,
12575,Doraemon: Nobita no Uchuu Eiyuuki,3DS,2015.0,Action,0.0,0.0,0.06,0.0,,,
12590,Toriko: Gourmet Battle!,3DS,2013.0,Role-Playing,0.0,0.0,0.06,0.0,,,
12603,Culdcept Revolt,3DS,2016.0,Strategy,0.0,0.0,0.06,0.0,,,
12622,Corpse Party: Back to School Edition,3DS,2016.0,Adventure,0.05,0.0,0.0,0.01,,,
12629,Lord of Magna: Maiden Heaven,3DS,2014.0,Role-Playing,0.0,0.0,0.06,0.0,68.0,7.8,T
12630,SpongeBob SquarePants: Plankton's Robotic Revenge,3DS,2013.0,Shooter,0.0,0.06,0.0,0.0,,tbd,E10+
12631,Metal Max 4: Gekkou no Diva,3DS,2013.0,Role-Playing,0.0,0.0,0.06,0.0,,,
12632,Magi: Aratanaru Sekai,3DS,2014.0,Role-Playing,0.0,0.0,0.06,0.0,,,
12783,Girls RPG: Cinderellife,3DS,2012.0,Role-Playing,0.0,0.0,0.06,0.0,,,
12815,Yuugen Gaisha Brave Company,3DS,2011.0,Strategy,0.0,0.0,0.06,0.0,,,
12818,Ken to Mahou to Gakuen Mono. 3D,3DS,2011.0,Role-Playing,0.0,0.0,0.06,0.0,,,
12843,Pro Yakyuu Famista 2011,3DS,2011.0,Sports,0.0,0.0,0.06,0.0,,,
12923,New Prince of Tennis: Go to the Top,3DS,2015.0,Action,0.0,0.0,0.05,0.0,,,
12932,Goosebumps: The Game,3DS,2015.0,Adventure,0.05,0.0,0.0,0.01,,tbd,E10+
12960,Zyuden Sentai Kyoryuger: Game de Gaburincho!!,3DS,2013.0,Action,0.0,0.0,0.05,0.0,,,
12980,Minna no Ennichi,3DS,2012.0,Action,0.0,0.0,0.05,0.0,,,
13128,Downtown no Gaki no Tsukai Yaarahen de!! Zettai ni Tsukamatte Haikenai Gasu Kurobikari Land,3DS,2015.0,Action,0.0,0.0,0.05,0.0,,,
13194,Guild 01,3DS,2012.0,Action,0.0,0.0,0.05,0.0,,,
13208,Chousoku Henkei Gyrozetter: Albatross no Tsubasa,3DS,2013.0,Role-Playing,0.0,0.0,0.05,0.0,,,
13214,Metroid Prime: Federation Force,3DS,2016.0,Action,0.02,0.01,0.01,0.0,64.0,5.1,T
13231,G1 Grand Prix,3DS,2012.0,Action,0.0,0.0,0.05,0.0,,,
13312,Detective Conan: Marionette Symphony,3DS,2013.0,Adventure,0.0,0.0,0.05,0.0,,,
13337,Gaist Crusher,3DS,2013.0,Action,0.0,0.0,0.05,0.0,,,
13411,Centipede: Infestation,3DS,2011.0,Shooter,0.04,0.0,0.0,0.0,,tbd,E10+
13415,Hero Bank 2,3DS,2014.0,Role-Playing,0.0,0.0,0.05,0.0,,,
13425,12-Sai. Koisuru Diary,3DS,2016.0,Adventure,0.0,0.0,0.05,0.0,,,
13470,Nazo Waku Yakata: Oto no Ma ni Ma ni,3DS,2011.0,Misc,0.0,0.0,0.05,0.0,,,
13474,Mahjong 3D: Warriors of the Emperor,3DS,2011.0,Misc,0.0,0.04,0.0,0.0,,tbd,E
13515,Monster High: New Ghoul in School,3DS,2015.0,Action,0.0,0.04,0.0,0.0,,tbd,E
13537,Nobunaga's Ambition (3DS),3DS,2013.0,Simulation,0.0,0.0,0.04,0.0,,,
13552,Card Fight!! Vanguard G: Stride to Victory!!,3DS,2016.0,Misc,0.0,0.0,0.04,0.0,,,
13573,Gem Smashers,3DS,2011.0,Platform,0.04,0.0,0.0,0.0,,tbd,E
13588,Shantae and the Pirate's Curse,3DS,2015.0,Platform,0.01,0.0,0.03,0.0,82.0,8.5,E10+
13589,Yowamushi Pedal,3DS,2015.0,Action,0.0,0.0,0.04,0.0,,,
13631,LEGO Friends,3DS,2013.0,Action,0.0,0.04,0.0,0.0,43.0,8.3,E
13650,Doraemon: Shin Nobita no Daimakyou Peko to 5-nin no Tankenta,3DS,2014.0,Action,0.0,0.0,0.04,0.0,,,
13670,Hana to Ikimo no Rittai Zukan,3DS,2011.0,Misc,0.0,0.0,0.04,0.0,,,
13693,Doki Doki! PreCure Narikiri Life!,3DS,2013.0,Action,0.0,0.0,0.04,0.0,,,
13694,Gravity Falls: Legend of the Gnome Gemulets,3DS,2015.0,Action,0.03,0.0,0.0,0.0,46.0,5.8,E
13695,Rodea the Sky Soldier,3DS,2015.0,Action,0.03,0.0,0.0,0.0,45.0,5.6,E10+
13713,Horses 3D,3DS,2012.0,Misc,0.04,0.0,0.0,0.0,,6.3,E
13752,Riding Stables: The Whitakers present Milton and Friends,3DS,2011.0,Sports,0.0,0.04,0.0,0.0,,,
13786,Unchained Blades ,3DS,2011.0,Role-Playing,0.0,0.0,0.04,0.0,65.0,7.8,T
13788,Dolly Kanon Dokidoki Tokimeki Himitsu no Ongaku Katsudou Start Desu!!,3DS,2014.0,Adventure,0.0,0.0,0.04,0.0,,,
13794, Haikyu!! Cross Team Match!,3DS,2016.0,Adventure,0.0,0.0,0.04,0.0,,,
13871,Time Travelers,3DS,2012.0,Adventure,0.0,0.0,0.04,0.0,,,
13876,Doraemon: Shin Nobita no Nihon Tanjou,3DS,2016.0,Misc,0.0,0.0,0.04,0.0,,,
13904,SpongeBob: HeroPants,3DS,2015.0,Platform,0.03,0.0,0.0,0.0,,tbd,E
13909,Corpse Party: Blood Covered - Repeated Fear,3DS,2015.0,Adventure,0.0,0.0,0.04,0.0,,,
13943,Famicom Remix Best Choice,3DS,2015.0,Action,0.0,0.0,0.04,0.0,,,
13984,Beyblade Evolution,3DS,2013.0,Action,0.02,0.01,0.0,0.0,49.0,6.3,E
14043,Nobunaga's Ambition II,3DS,2015.0,Strategy,0.0,0.0,0.04,0.0,,,
14095,The Croods: Prehistoric Party!,3DS,2013.0,Misc,0.01,0.02,0.0,0.0,,,
14103,DoraMoji: Nobita no Kanji Daisakusen,3DS,2015.0,Misc,0.0,0.0,0.04,0.0,,,
14127,My Hero Academia: Battle for All,3DS,2016.0,Action,0.0,0.0,0.04,0.0,,,
14142,FabStyle,3DS,2011.0,Strategy,0.0,0.0,0.03,0.0,,,
14146,Cooking Mama: My Sweets Shop,3DS,2014.0,Simulation,0.0,0.0,0.03,0.0,,,
14147,Super Battle For Money Sentouchuu: Kyuukyoku no Shinobu to Battle Player Choujou Kessen!,3DS,2016.0,Action,0.0,0.0,0.03,0.0,,,
14155,PriPara Mezameyo! Megami no Dress Design,3DS,2016.0,Action,0.0,0.0,0.03,0.0,,,
14187,Deer Drive: Legends,3DS,2012.0,Action,0.03,0.0,0.0,0.0,,tbd,T
14202,Mame Goma: Shiro to Kuro no Meikyuu,3DS,2012.0,Action,0.0,0.0,0.03,0.0,,,
14217,Paddington: Adventures in London,3DS,2015.0,Puzzle,0.0,0.03,0.0,0.0,,tbd,
14221,Langrisser: Re:Incarnation Tensei,3DS,2015.0,Role-Playing,0.02,0.0,0.01,0.0,,,
14236,Romance of the Three Kingdoms (3DS),3DS,2013.0,Strategy,0.0,0.0,0.03,0.0,,,
14245,Detective Conan: Phantom Rhapsody,3DS,2014.0,Action,0.0,0.0,0.03,0.0,,,
14267,Medabots 9: Metabee / Rokusho,3DS,2015.0,Role-Playing,0.0,0.0,0.03,0.0,,,
14274,Yumi's Odd Odyssey,3DS,2013.0,Platform,0.0,0.0,0.03,0.0,74.0,7.7,E
14309,Angler's Club: Ultimate Bass Fishing 3D,3DS,2011.0,Sports,0.0,0.03,0.0,0.0,,tbd,E
14313,Tamagotchi no Doki Doki Dream Omisecchi,3DS,2013.0,Simulation,0.0,0.0,0.03,0.0,,,
14315,Toushin Toshi,3DS,2014.0,Role-Playing,0.0,0.0,0.03,0.0,,,
14325,Beyond the Labyrinth,3DS,,Role-Playing,0.0,0.0,0.03,0.0,,,
14330,Medarot 9: Kabuto Ver. / Kuwagata Ver.,3DS,2015.0,Role-Playing,0.0,0.0,0.03,0.0,,,
14332,Clash of Elementalists,3DS,2013.0,Action,0.0,0.03,0.0,0.0,,,
14334,Cooking Mama 5: Bon Appetit!,3DS,2013.0,Simulation,0.0,0.0,0.03,0.0,,,
14345,3DS Classic Collection,3DS,2016.0,Misc,0.03,0.0,0.0,0.0,,,
14362,Barbie and Her Sisters Puppy Rescue,3DS,2015.0,Action,0.0,0.03,0.0,0.0,,tbd,E
14374,Toriko: Ultimate Survival,3DS,2013.0,Action,0.0,0.0,0.03,0.0,,,
14382,Onna no Ko to Misshitsu ni Itara **shichau Kamoshirenai,3DS,2012.0,Adventure,0.0,0.0,0.03,0.0,,,
14417,PriPara & Pretty Rhythm: PriPara de Tsukaeru Oshare Item 1450!,3DS,2015.0,Action,0.0,0.0,0.03,0.0,,,
14472,Zero Escape: Virtue's Last Reward,3DS,2012.0,Adventure,0.03,0.0,0.0,0.0,88.0,8.8,M
14528,Young Justice: Legacy,3DS,2013.0,Action,0.03,0.0,0.0,0.0,,7.1,E10+
14529,Kyokugen Dasshutsu ADV: Zennin Shiboudesu,3DS,2012.0,Adventure,0.0,0.0,0.03,0.0,,,
14534,Power Rangers Super Megaforce ,3DS,2014.0,Action,0.01,0.01,0.0,0.0,43.0,tbd,E10+
14606,Medabots Girls Mission: Metabee Ver. / Rokusho Ver.,3DS,2016.0,Role-Playing,0.0,0.0,0.03,0.0,,,
14631,Romance of the Three Kingdoms II,3DS,2015.0,Strategy,0.0,0.0,0.03,0.0,,,
14643,Kung Fu Panda: Showdown of Legendary Legends,3DS,2015.0,Action,0.0,0.03,0.0,0.0,,tbd,E10+
14653,HappinessCharge PreCure! Kawarun Collection,3DS,2014.0,Misc,0.0,0.0,0.03,0.0,,,
14715,Gudetama: Hanjuku de Tanomuwa,3DS,2015.0,Action,0.0,0.0,0.03,0.0,,,
14792,Pro Evolution Soccer 2012,3DS,2011.0,Action,0.02,0.0,0.0,0.0,,,
14816,Dream Girl Premier,3DS,2015.0,Misc,0.0,0.0,0.03,0.0,,,
14842,The Peanuts Movie: Snoopy's Grand Adventure,3DS,2015.0,Action,0.0,0.03,0.0,0.0,,8.8,E
14845,Nekketsu Kouha Kunio-Kun SP: Rantou Kyousoukyoku,3DS,2013.0,Fighting,0.0,0.0,0.03,0.0,,,
14873,Teddy Together,3DS,2016.0,Simulation,0.0,0.02,0.0,0.0,,tbd,
14890,One Piece: Daikaizoku Coliseum,3DS,2016.0,Fighting,0.0,0.0,0.03,0.0,,,
14892,The Legend of Korra (3DS),3DS,2014.0,Strategy,0.02,0.0,0.0,0.0,,,
14910,Harvest Moon: Skytree Village,3DS,2016.0,Simulation,0.02,0.0,0.0,0.0,,7.4,E
14983, Beyblade Burst,3DS,2016.0,Role-Playing,0.0,0.0,0.03,0.0,,,
15108,Bella Sara 2 - The Magic of Drasilmare,3DS,2013.0,Adventure,0.0,0.02,0.0,0.0,,,
15202,Thomas and Friends: Steaming around Sodor,3DS,2015.0,Action,0.0,0.02,0.0,0.0,,tbd,
15211,Phoenix Wright: Ace Attorney Trilogy,3DS,2014.0,Adventure,0.0,0.0,0.02,0.0,81.0,9,T
15294,Azada,3DS,2012.0,Puzzle,0.0,0.02,0.0,0.0,,tbd,E
15308,UnchainBlades EXXiV,3DS,2012.0,Role-Playing,0.0,0.0,0.02,0.0,,,
15318,Heavy Fire: The Chosen Few 3D,3DS,2011.0,Shooter,0.02,0.0,0.0,0.0,,6.3,T
15338,Mario Tennis,3DS,,Sports,0.0,0.0,0.02,0.0,,,
15379,Detective Jinguuji Saburo: Ronde Revenge,3DS,2012.0,Action,0.0,0.0,0.02,0.0,,,
15492,Crayon Shin-Chan: Uchuu de Achoo!? Yuujou no Oba-Karate!!,3DS,2011.0,Action,0.0,0.0,0.02,0.0,,,
15521,Tenkai Knights: Brave Battle,3DS,2014.0,Action,0.01,0.01,0.0,0.0,26.0,2.4,E10+
15524,Devil Survivor: Over Clock,3DS,2015.0,Strategy,0.0,0.0,0.02,0.0,,,
15530,Downtown Nekketsu Jidaigek,3DS,2015.0,Action,0.0,0.0,0.02,0.0,,,
15611,Niko Puchi Girls Runway,3DS,2015.0,Misc,0.0,0.0,0.02,0.0,,,
15642,Poyo Poyo Kansatsu Nikki,3DS,2012.0,Action,0.0,0.0,0.02,0.0,,,
15657,Gon: BakuBakuBakuBaku Adventure,3DS,2012.0,Action,0.0,0.0,0.02,0.0,,,
15669,New Atelier Rorona: Hajimari no Monogatari,3DS,2015.0,Action,0.0,0.0,0.02,0.0,,,
15710,PachiPara 3D: Ooumi Monogatari 2 - Pachi Pro Fuuunroku Hana,3DS,2012.0,Action,0.0,0.0,0.02,0.0,,,
15729,Ben 10 Omniverse 2,3DS,2013.0,Action,0.0,0.02,0.0,0.0,,7.6,E10+
15798,Monster High 13 Wishes,3DS,2013.0,Action,0.0,0.02,0.0,0.0,,tbd,E
15949,Gaist Crusher God,3DS,2014.0,Action,0.0,0.0,0.02,0.0,,,
15968,PachiPara 3D,3DS,2011.0,Misc,0.0,0.0,0.02,0.0,,,
16010,Adventure Time: The Secret of the Nameless ,3DS,2014.0,Adventure,0.01,0.0,0.0,0.0,,,
16045,Turbo: Super Stunt Squad,3DS,2013.0,Sports,0.0,0.01,0.0,0.0,,5.2,E
16114,Sousaku Alice to Oujisama!,3DS,2015.0,Simulation,0.0,0.0,0.01,0.0,,,
16143,Azure Striker Gunvolt,3DS,2016.0,Action,0.01,0.0,0.0,0.0,77.0,8.4,E10+
16155,Kaitou Joker: Toki o Koeru Kaitou to Ushinawareta Houseki,3DS,2015.0,Action,0.0,0.0,0.01,0.0,,,
16174,50 Classic Games,3DS,2012.0,Misc,0.0,0.01,0.0,0.0,,,
16228,Big Hero 6: Battle in the Bay,3DS,2014.0,Action,0.0,0.01,0.0,0.0,,,
16248,Azure Striker Gunvolt: Striker Pack,3DS,2016.0,Action,0.0,0.0,0.01,0.0,,tbd,T
16334,Order Up!!,3DS,2011.0,Action,0.0,0.01,0.0,0.0,,,
16342,Seisou no Amazones,3DS,2013.0,Role-Playing,0.0,0.0,0.01,0.0,,,
16418,Touch Detective 3: Does Funghi Dream of Bananas?,3DS,2014.0,Adventure,0.0,0.0,0.01,0.0,,,
16459,Fate/kaleid liner Prisma Illya,3DS,2014.0,Action,0.0,0.0,0.01,0.0,,,
16478,Cartoon Network Battle Crashers,3DS,2016.0,Action,0.01,0.0,0.0,0.0,,tbd,E10+
16501,River City Ransom SP,3DS,2016.0,Action,0.0,0.0,0.01,0.0,,,
16504,Teenage Mutant Ninja Turtles (3DS),3DS,2013.0,Action,0.01,0.0,0.0,0.0,,,
16517,SoniPro,3DS,2014.0,Adventure,0.0,0.0,0.01,0.0,,,
16554,"Horse Life 4: My Horse, My Friend, My Champion",3DS,2015.0,Action,0.0,0.01,0.0,0.0,,,
16562,Outdoors Unleashed: Alaska 3D,3DS,2011.0,Sports,0.01,0.0,0.0,0.0,,tbd,T
16570,Exstetra,3DS,2013.0,Role-Playing,0.0,0.0,0.01,0.0,,,
16593,Winx Club: Saving Alfea ,3DS,2014.0,Action,0.0,0.01,0.0,0.0,,tbd,E
16599,Legends of Oz: Dorothy's Return,3DS,2014.0,Puzzle,0.0,0.01,0.0,0.0,,tbd,E
16608,Mario & Luigi: Paper Jam & Mario Kart 7 Double Pack,3DS,2015.0,Misc,0.0,0.0,0.01,0.0,,,
16610,Kiniro no Corda 3,3DS,2015.0,Adventure,0.0,0.0,0.01,0.0,,,
16615,Balloon Pop 2,3DS,2012.0,Puzzle,0.01,0.0,0.0,0.0,,tbd,E
16648,Mushi Bugyou,3DS,2013.0,Action,0.0,0.0,0.01,0.0,,,
16653,Nintendogs and Cats Golden Retriever and New Friends,3DS,2011.0,Action,0.0,0.01,0.0,0.0,,,
16668,Fujiko F. Fujio Characters: Great Assembly! Slightly Fantastic Slapstick Party,3DS,2014.0,Action,0.0,0.0,0.01,0.0,,,
16677,Aikatsu Stars! My Special Appeal,3DS,2016.0,Action,0.0,0.0,0.01,0.0,,,
16688,Outdoors Unleashed: Africa 3D,3DS,2011.0,Sports,0.01,0.0,0.0,0.0,,tbd,T
